"A Car, a Torch, a Death"
Addict with a Pen
Air Catcher
Anathema
Bandito
Be Concerned
Before You Start Your Day
Bounce Man
Can't Help Falling in Love
Cancer
Car Radio
Chlorine
Choker
Christmas Saves the Year
Clear
Cut My Lip
Doubt
Fairly Local
Fake You Out
Fall Away
Forest
Formidable
"Friend, Please"
Glowing Eyes
Goner
Good Day
Guns for Hands
Heathens
Heavydirtysoul
Holding on to You
Hometown
House of Gold
Implicit Demand for Proof
Isle of Flightless Birds
Johnny Boy
Jumpsuit
Kitchen Sink
Lane Boy
Leave the City
Legend
Level of Concern
Levitate
Lovely
March to the Sea
Message Man
Migraine
Morph
Mulberry Street
My Blood
Neon Gravestones
Never Take It
Nico and the Niners
No Chances
Not Today
Ode to Sleep
"Oh, Ms. Believer"
Pet Cheetah
Polarize
Redecorate
Ride
Ruby
Saturday
Screen
Semi-Automatic
Shy Away
Slowtown
Smithereens
Stressed Out
Taxi Cab
Tear in My Heart
The Hype
The Judge
The Outside
The Pantaloon
The Run and Go
Time to Say Goodbye
Trapdoor
Trees
Truce
Two
We Don't Believe What's on TV